catalog_number,category,related_catalog_number
100223,Push-to-Connect Flat Face Coupler,100907
100223,Bi-Directional In-Line Filter,100857
100849,Flange Mounting Bracket,100114
100849,Jam Nuts,100911
100870,Flange Mounting Bracket,100114
100870,Jam Nuts,100911
100871,Flange Mounting Bracket,100114
100871,Jam Nuts,100911
100889,Flange Mounting Bracket,100114
100889,Jam Nuts,100911
100890,Flange Mounting Bracket,100114
100890,Jam Nuts,100911
100891,Flange Mounting Bracket,100114
100891,Jam Nuts,100911
100279,Female Hydraulic Coupler,100908
100892,Flange Mounting Bracket,100114
100892,Jam Nuts,100911
100893,Flange Mounting Bracket,100114
100893,Jam Nuts,100911
100894,Flange Mounting Bracket,100114
100894,Jam Nuts,100911
100898,Flange Mounting Bracket,100914
100898,Jam Nut,100913
100899,Flange Mounting Bracket,100914
100899,Jam Nut,100913
100900,Flange Mounting Bracket,100914
100900,Jam Nut,100913
100901,Flange Mounting Bracket,100914
100901,Jam Nut,100913
100879,Female Hydraulic Coupler,100908
100902,Flange Mounting Bracket,100914
100902,Jam Nut,100913
100903,Flange Mounting Bracket,100914
100903,Jam Nut,100913
100888,Female Hydraulic Coupler,100908
100945,Flange Mount Bracket,100127
100945,Jam Nut,100916
100946,Flange Mount Bracket,100127
100946,Jam Nut,100916
100947,Flange Mount Bracket,100127
100947,Jam Nut,100916
100948,Flange Mount Bracket,100127
100948,Jam Nut,100916
100949,Flange Mount Bracket,100127
100949,Jam Nut,100916
100950,Flange Mount Bracket,100127
100950,Jam Nut,100916
110050,Male Half Coupler,100907
110051,Male Half Coupler,100907
110052,Male Half Coupler,100907
110001,Flange Mounting Bracket,100979
110001,Jam Nut,100980
110002,Flange Mounting Bracket,100979
110002,Jam Nut,100980
110003,Flange Mounting Bracket,100979
110003,Jam Nut,100980
110004,Flange Mounting Bracket,100979
110004,Jam Nut,100980
110005,Flange Mounting Bracket,100979
110005,Jam Nut,100980
110006,Flange Mounting Bracket,100979
110006,Jam Nut,100980
100222,Accumulator Charging Tool,500149
100222,Accumulator Mounting Bracket,500177
100179-230,Manual Pallet Valve,100223
100179-230,Female Coupler,100908
110173,Flange Mounting Bracket,110188
110173,Jam Nut,110187
110174,Flange Mounting Bracket,110188
110174,Jam Nut,110187
110175,Flange Mounting Bracket,110188
110175,Jam Nut,110187
100879-230,Female Hydraulic Coupler,100908
110176,Flange Mounting Bracket,110188
110176,Jam Nut,110187
110177,Flange Mounting Bracket,110188
110177,Jam Nut,110187
110178,Flange Mounting Bracket,110188
110178,Jam Nut,110187
100888-230,Female Hydraulic Coupler,100908
10390,Threaded Body Cylinder,100156
10390,Threaded Body Cylinder,100157
10391,Threaded Body Cylinder,100064
10391,Threaded Body Cylinder,100065
10394,Threaded Body Cylinder,100159
10394,Threaded Body Cylinder,100166
10395,Threaded Body Cylinder,100139
10395,Threaded Body Cylinder,100148
10396,Threaded Body Cylinder,100167
10396,Threaded Body Cylinder,100171
10397,Threaded Body Cylinder,100149
10397,Threaded Body Cylinder,100153
100064,Foot Mount Bracket,400000
100064,Feeder Cap (NPT Port),500100
100064,Feeder Cap (SAE Port),100928
100064,Jam Nut,10391
100065,Foot Mount Bracket,400000
100065,Feeder Cap (NPT Port),500100
100065,Feeder Cap (SAE Port),100928
100065,Jam Nut,10391
100139,Foot Mount Bracket,400001
100139,Feeder Cap (NPT Port),500101
100139,Feeder Cap (SAE Port),100930
100139,Jam Nut,10395
100139,Pointed Threaded Insert,500161
100139,Toogle Pad Threaded Insert,500162
100139,Crowned Threaded Insert,500160
100148,Foot Mount Bracket,400001
100148,Feeder Cap (NPT Port),500101
100148,Feeder Cap (SAE Port),100930
100148,Jam Nut,10395
100148,Pointed Threaded Insert,500161
100148,Toogle Pad Threaded Insert,500162
100148,Crowned Threaded Insert,500160
100149,Foot Mount Bracket,400002
100149,Feeder Cap (NPT Port),500102
100149,Feeder Cap (SAE Port),100932
100149,Jam Nut,10397
100149,Pointed Threaded Insert,500161
100149,Toogle Pad Threaded Insert,500162
100149,Crowned Threaded Insert,500160
100153,Foot Mount Bracket,400002
100153,Feeder Cap (NPT Port),500102
100153,Feeder Cap (SAE Port),100932
100153,Jam Nut,10397
100153,Pointed Threaded Insert,500161
100153,Toogle Pad Threaded Insert,500162
100153,Crowned Threaded Insert,500160
100156,Feeder Cap (NPT Port),500097
100156,Feeder Cap (SAE Port),100927
100156,Jam Nut,10390
100157,Feeder Cap (NPT Port),500097
100157,Feeder Cap (SAE Port),100927
100157,Jam Nut,10390
100159,Feeder Cap (NPT Port),500098
100159,Feeder Cap (SAE Port),100929
100159,Jam Nut,10394
100159,Pointed Threaded Insert,500161
100159,Toogle Pad Threaded Insert,500162
100159,Crowned Threaded Insert,500160
100166,Feeder Cap (NPT Port),500098
100166,Feeder Cap (SAE Port),100929
100166,Jam Nut,10394
100166,Pointed Threaded Insert,500161
100166,Toogle Pad Threaded Insert,500162
100166,Crowned Threaded Insert,500160
100167,Feeder Cap (NPT Port),500099
100167,Feeder Cap (SAE Port),100931
100167,Jam Nut,10396
100167,Pointed Threaded Insert,500161
100167,Toogle Pad Threaded Insert,500162
100167,Crowned Threaded Insert,500160
100171,Feeder Cap (NPT Port),500099
100171,Feeder Cap (SAE Port),100931
100171,Jam Nut,10396
100171,Pointed Threaded Insert,500161
100171,Toogle Pad Threaded Insert,500162
100171,Crowned Threaded Insert,500160
100172,Foot Mount Bracket,400003
100172,Feeder Cap (NPT Port),500103
100172,Feeder Cap (SAE Port),100933
100172,Jam Nut,201029
100172,Pointed Threaded Insert,500164
100172,Toogle Pad Threaded Insert,500165
100172,Crowned Threaded Insert,500163
100173,Foot Mount Bracket,400003
100173,Feeder Cap (NPT Port),500103
100173,Feeder Cap (SAE Port),100933
100173,Jam Nut,201029
100173,Pointed Threaded Insert,500164
100173,Toogle Pad Threaded Insert,500165
100173,Crowned Threaded Insert,500163
100208,Jam Nut,216207
100208,Pointed Threaded Insert,500164
100208,Toogle Pad Threaded Insert,500165
100208,Crowned Threaded Insert,500163
100982,Accumulator Charging Tool,500149
100982,Accumulator Mounting Bracket,500177
110132,Jam Nut,216207
201029,Threaded Body Cylinder,100172
201029,Threaded Body Cylinder,100173
9503,Check Valve,206330
9503,Check Valve,500171
216207,Threaded Body Cylinder,100208
216207,Threaded Body Cylinder,110132
300084,Cylindrical Body Cylinder, 1000043B
300084,Cylindrical Body Cylinder, 1000044B
300086,Cylindrical Body Cylinder, 1000049B
300086,Cylindrical Body Cylinder, 1000050B
400000,Threaded Body Cylinder,100064
400000,Threaded Body Cylinder,100065
400001,Threaded Body Cylinder,100139
400001,Threaded Body Cylinder,100148
400002,Threaded Body Cylinder,100149
400002,Threaded Body Cylinder,100153
400003,Threaded Body Cylinder,100172
400003,Threaded Body Cylinder,100173
400013,Cylindrical Body Cylinder, 1000043B
400013,Cylindrical Body Cylinder, 1000044B
400015,Cylindrical Body Cylinder, 1000049B
400015,Cylindrical Body Cylinder, 1000050B
9504,Electric/Hydraulic Pump,100178
100043B,Foot Mount Bracket,400013
100043B,Feeder Cap,111063
100043B,Snap Ring,300084
100043B,Pointed Threaded Insert,500164
100043B,Toggle Pad Threaded Insert,500165
100043B,Crowned Threaded Insert,500163
100044B,Foot Mount Bracket,400013
100044B,Feeder Cap,111063
100044B,Snap Ring,300084
100044B,Pointed Threaded Insert,500164
100044B,Toggle Pad Threaded Insert,500165
100044B,Crowned Threaded Insert,500163
100049B,Foot Mount Bracket,400015
100049B,Feeder Cap,111065
100049B,Snap Ring,300086
100049B,Pointed Threaded Insert,500164
100049B,Toggle Pad Threaded Insert,500165
100049B,Crowned Threaded Insert,500163
100050B,Foot Mount Bracket,400015
100050B,Feeder Cap,111065
100050B,Snap Ring,300086
100050B,Pointed Threaded Insert,500164
100050B,Toggle Pad Threaded Insert,500165
100050B,Crowned Threaded Insert,500163
100055B,Pointed Threaded Insert,500164
100055B,Toggle Pad Threaded Insert,500165
100055B,Crowned Pad Threaded Insert,500163
100056B,Pointed Threaded Insert,500164
100056B,Toggle Pad Threaded Insert,500165
100056B,Crowned Pad Threaded Insert,500163
100061B,Pointed Threaded Insert,500164
100061B,Toggle Pad Threaded Insert,500165
100061B,Crowned Pad Threaded Insert,500163
100062B,Pointed Threaded Insert,500164
100062B,Toggle Pad Threaded Insert,500165
100062B,Crowned Pad Threaded Insert,500163
100983,Accumulator Charging Tool,500149
100983,Accumulator Mounting Bracket,500177
110139,Jam Nut,100912
110139,One Direction Needle Valve,15068
110139,Bi Directional Needle Valve,253605
110139,Metering Valve,216437
110140,Jam Nut,100912
110140,One Direction Needle Valve,15068
110140,Bi Directional Needle Valve,253605
110140,Metering Valve,216437
110141,Jam Nut,100912
110141,One Direction Needle Valve,15068
110141,Bi Directional Needle Valve,253605
110141,Metering Valve,216437
110142,Jam Nut,100912
110142,One Direction Needle Valve,15068
110142,Bi Directional Needle Valve,253605
110142,Metering Valve,216437
100969,T Port (Outlet) Check Valve,500173
100969,P Port (Inlet) Check Valve,500174
100969,Mounting Bracket,500175
100969,Check Valve,100971
100969,Check Valve,100974
100969,Check Valve Subplate,100974
100969,SAE-4 Single-Station Subplate,100972
100969,NPTF Single-Station Subplate,100973
100969,Two-Station Manifold,100975
213896,,100280
213896,,100920
213896,,100191
213896,,100174
213896,,100918
213896,,100921
213896,,58219
213896,,100180
213896,,100190
260205,,100178
260205,,100200
260205,,100922
260205,,100179-230
260205,,100178-230
260205,,100179
100970,T Port (Outlet) Check Valve,500171
100970,P Port (Inlet) Check Valve,500172
100970,Mounting Bracket,500175
100970,Check Valve,100971
100970,Check Valve,100974
100970,Check Valve Subplate,100974
100970,SAE-4 Single-Station Subplate,100972
100970,NPTF Single-Station Subplate,100973
100970,Two-Station Manifold,100975
100857,Manifold Pallet Valve,100223
36105,Hytec Pump,100186
36105,Hytec Pump,100280
36105,Hytec Pump,100190
36105,Hytec Pump,100200
36105,Hytec Pump,100174
36105,Hytec Pump,100220
36105,Hytec Pump,100211
100941,Hytec Pump,100186
100941,Hytec Pump,100280
100941,Hytec Pump,100190
100941,Hytec Pump,100200
100941,Hytec Pump,100174
100941,Hytec Pump,100220
100941,Hytec Pump,100211
100971,Check Valve Subplate,100974
100971,SAE-4 Single-Station Subplate,100972
100971,NPTF Single-Station Subplate,100973
100971,Two-Station Manifold,100975
100972,Manifold Mount Control Valve,100971
100972,Check Valve Sub-plate,100974
100972,SAE-4 Remote Mounted Control Valve,100969
100972,NPTF Remote Mounted Control Valve,100970
100973,Manifold Mount Control Valve,100971
100973,Check Valve Sub-plate,100974
100973,SAE-4 Remote Mounted Control Valve,100969
100973,NPTF Remote Mounted Control Valve,100970
100974,Manifold Mount Control Valve,100971
100974,SAE-4 Remote Mounted Control Valve,100969
100974,NPTF Remote Mounted Control Valve,100970
100975,Manifold Mount Control Valve,100971
100975,SAE-4 Remote Mounted Control Valve,100969
100975,NPTF Remote Mounted Control Valve,100970
206330,Remote Mounted Control Valve,9503
500171,Remote Mounted Control Valve,9503
500171,Remote Mounted Control Valve,100970
500173,Remote Mounted Control Valve,100969
500175,Directional Control Valve,100969
500175,Directional Control Valve,100970
100915,,100856
100991,Intensifier Manifold Block,100997
100991,In-Line Filter,100919
100992,Intensifier Manifold Block,100997
100992,In-Line Filter,100919
100993,Intensifier Manifold Block,100997
100993,In-Line Filter,100919
100994,Intensifier Manifold Block,100997
100994,In-Line Filter,100919
100995,Intensifier Manifold Block,100997
100995,In-Line Filter,100919
100996,Intensifier Manifold Block,100997
100996,In-Line Filter,100919
100179,Manual Pallet Valve,100223
100179,Female Coupler,100908
100997,BSPP to O.R.B. Straight Fitting,253288
100841,Flange Mounting Bracket,100114
100841,Jam Nuts,100911
100842,Flange Mounting Bracket,100114
100842,Jam Nuts,100911
100848,Flange Mounting Bracket,100114
100848,Jam Nuts,100911
100138,Accumulator Charging Tool,500149
100138,Accumulator Mounting Bracket,500177
